StartDate,EndDate,Status,IPAddress,Progress,Duration (in seconds),Finished,RecordedDate,ResponseId,RecipientLastName,RecipientFirstName,RecipientEmail,ExternalReference,LocationLatitude,LocationLongitude,DistributionChannel,UserLanguage,Q13,Q14,Q15,Q8,Q49,Q50,Q50_5_TEXT,Q51_1,Q51_2,Q52,Q53,Q47,Q56,Q57,Q48,Q11,Q18,Q19,Q60,Q65,Q50,Q67,Q66,Q58,Q29_1,Q29_2,Q29_3,Q58_1,Q58_2,Q58_3,Q40_1,Q53_1,Q53_2,Q53_3,Q56,Q57
Start Date,End Date,Response Type,IP Address,Progress,Duration (in seconds),Finished,Recorded Date,Response ID,Recipient Last Name,Recipient First Name,Recipient Email,External Data Reference,Location Latitude,Location Longitude,Distribution Channel,User Language,First Name,Last Name,County,"Apart from the Local Planning Officer or Growth Management Director, does your county have a ""Resilience Officer""?",Have any of your county's key industries been impacted by climate change?,"If yes, which industry or industries? - Selected Choice","If yes, which industry or industries? - Other - Text","Can you estimate how much your county has spent in the last five years on climate impacts and climate preparedness? 
(If these estimates were not available, please leave blank. You may provide an explanation in the last question on this page.) - climate impacts","Can you estimate how much your county has spent in the last five years on climate impacts and climate preparedness? 
(If these estimates were not available, please leave blank. You may provide an explanation in the last question on this page.) - climate preparedness",Has the county conducted a climate vulnerability assessment?,Has the county had to apply for FEMA disaster aid for flooding in the last ten years?,"If you were not able to answer any of the above questions, please explain why below.","From what year was the most recent comprehensive plan you found? If you could not locate any, type NA.","If you did locate a comprehensive plan, was there any mention of climate change or a similar topic?","If you had any issues locating your county's comprehensive plan or searching it, please explain below.","2018 Population Estimate (as of July 1, 2018)",Median Household Income,(Percent of) Individuals below poverty level,In which direction is the overall trend over time?,"1895-2019 Trend, in degrees Fahrenheit per decade (see blue circle in graphic above)","Has your county hit a record breaking maximum temperature within the last ten years? 
Measure this by whether or not the peaks from 2010-2020 have reached a taller height compared to all other peaks before it.",In which direction is the overall trend over time?,"1895-2019 Trend, in inches per decade (see blue circle in graphic above)","Has your county hit a record breaking precipitation level within the last ten years? 
Measure this by whether or not the peaks from 2010-2020 have reached a taller height compared to all other peaks before it.","Asthma

Age-Adjusted Rate of Emergency Department Visits for Asthma per 10,000 population - 2005","Asthma

Age-Adjusted Rate of Emergency Department Visits for Asthma per 10,000 population - 2010","Asthma

Age-Adjusted Rate of Emergency Department Visits for Asthma per 10,000 population - 2015","Drought Duration and Severity (Weekly) 

Number of Weeks of Moderate Drought or Worse per Year - 2005","Drought Duration and Severity (Weekly) 

Number of Weeks of Moderate Drought or Worse per Year - 2010","Drought Duration and Severity (Weekly) 

Number of Weeks of Moderate Drought or Worse per Year - 2015",Climate Change: Flood VulnerabilityNumber of Housing Units within FEMA Designated Flood Hazard Area - 2011,"Heat-related emergency department visits

Age-adjusted rate of Heat-related emergency department visits during summer months per 100,000


If the data is suppressed or unavailable, enter ""*"" in the box. - 2005","Heat-related emergency department visits

Age-adjusted rate of Heat-related emergency department visits during summer months per 100,000


If the data is suppressed or unavailable, enter ""*"" in the box. - 2010","Heat-related emergency department visits

Age-adjusted rate of Heat-related emergency department visits during summer months per 100,000


If the data is suppressed or unavailable, enter ""*"" in the box. - 2015",Name and Title of First Interview,Name and Title of Second Interview
"{""ImportId"":""startDate"",""timeZone"":""America/Denver""}","{""ImportId"":""endDate"",""timeZone"":""America/Denver""}","{""ImportId"":""status""}","{""ImportId"":""ipAddress""}","{""ImportId"":""progress""}","{""ImportId"":""duration""}","{""ImportId"":""finished""}","{""ImportId"":""recordedDate"",""timeZone"":""America/Denver""}","{""ImportId"":""_recordId""}","{""ImportId"":""recipientLastName""}","{""ImportId"":""recipientFirstName""}","{""ImportId"":""recipientEmail""}","{""ImportId"":""externalDataReference""}","{""ImportId"":""locationLatitude""}","{""ImportId"":""locationLongitude""}","{""ImportId"":""distributionChannel""}","{""ImportId"":""userLanguage""}","{""ImportId"":""QID13_TEXT""}","{""ImportId"":""QID14_TEXT""}","{""ImportId"":""QID15""}","{""ImportId"":""QID8""}","{""ImportId"":""QID58""}","{""ImportId"":""QID59""}","{""ImportId"":""QID59_5_TEXT""}","{""ImportId"":""QID60_1""}","{""ImportId"":""QID60_2""}","{""ImportId"":""QID61""}","{""ImportId"":""QID62""}","{""ImportId"":""QID77_TEXT""}","{""ImportId"":""QID65_TEXT""}","{""ImportId"":""QID66""}","{""ImportId"":""QID78_TEXT""}","{""ImportId"":""QID11_TEXT""}","{""ImportId"":""QID18_TEXT""}","{""ImportId"":""QID19_TEXT""}","{""ImportId"":""QID69""}","{""ImportId"":""QID74_TEXT""}","{""ImportId"":""QID80""}","{""ImportId"":""QID76""}","{""ImportId"":""QID75_TEXT""}","{""ImportId"":""QID88""}","{""ImportId"":""QID29_1""}","{""ImportId"":""QID29_2""}","{""ImportId"":""QID29_3""}","{""ImportId"":""QID67_1""}","{""ImportId"":""QID67_2""}","{""ImportId"":""QID67_3""}","{""ImportId"":""QID49_1""}","{""ImportId"":""QID83_1""}","{""ImportId"":""QID83_2""}","{""ImportId"":""QID83_3""}","{""ImportId"":""QID86_TEXT""}","{""ImportId"":""QID87_TEXT""}"
2020-02-11 10:35:00,2020-02-11 10:35:53,Survey Preview,,100,52,True,2020-02-11 10:35:53,R_3DkA5b2P6Uj1iwI,,,,,29.6840057373046875,-82.356903076171875,preview,EN,,,,,,,,,,,,,,,,,,,,,,,,,,,,,,,,,,,,
2020-03-11 09:11:58,2020-03-11 09:25:52,IP Address,128.227.1.38,100,833,True,2020-03-11 09:25:52,R_1N5656WAwgvAyl7,,,,,29.6840057373046875,-82.356903076171875,anonymous,EN,Arika,Carey,Charlotte,No,No,,,,,No,No,"The total amount spent of climate impact and climate preparedness cannot be estimated because the county does not have a concerted effort to address climate change. ",2011,Yes,,"184,998","46,511",12%,Positive,+0.2,Yes,Positive,+.09,No,50.9,55.3,52.5,0,5,0,52979,40.73,42.39,38.30,"Commissioner Bill Truex  ","Citizen/Ecologist William ""Coty"" Keller"
2020-03-01 15:46:37,2020-03-11 10:22:44,IP Address,128.227.1.44,100,840967,True,2020-03-11 10:22:45,R_3PMFrrqJfaV3owM,,,,,29.6840057373046875,-82.356903076171875,anonymous,EN,Nathan,Flothe,Collier,No,Yes,"Tourism,Real Estate,Agriculture",,,,Yes,Yes,money spent on climate change and climate preparedness is included within many of the counties projects and is hard to calculate an exact amount,2011,Yes,,"378,488","62,407",12.8,Positive,0.2,Yes,Positive,0.14,No,60.4,65.3,66.9,0,5,31,"84,077",20.37,22.47,20.65,Dr. Stephanie Molloy Natural Resources Manager City of Naples,Dr. Ana Puszkin-Chevlin Regional Director Growing Climate Solutions: Southwest Florida
2020-03-18 12:23:47,2020-03-18 12:45:01,IP Address,68.105.172.253,100,1273,True,2020-03-18 12:45:01,R_3mmKDjUO3ChguLj,,,,,29.613800048828125,-82.3860015869140625,anonymous,EN,Cameron,Ramey,Polk,No,Yes,"Tourism,Agriculture,Manufacturing",,0,0,No,Yes,"Polk County Commissioner Bob Braswell informed me that no money has formally been spent to address climate change impacts or preparedness. However, a number of funded measures have been taken to address impacts and preparedness, even if not formally designated as ""climate change"" funding. For example, Polk County is participating in the Polk Regional Water Cooperative, a collaborative effort between 16 municipal governments to fund a a desalination/reverse osmosis plant. He estimated that the plant will cost about $1 billion to construct and explained that the purpose of the plant is to address long-term concerns about the county's ability to provide clean water to the growing number of residents in the county- estimated to expand by 50,000 in the next 5 years. He believes that this population boom is due in part to migration inwards from coastal regions vulnerable to sea level rise, and due to expanding development that is replacing an agricultural industry threatened by increasing temperatures and unpredictable precipitation patterns. In effect, there appears to be money spent on preparing and addressing individual related impacts of climate change, but these projects are perhaps not formally organized as a plan to address climate change. ",Please see below,No,"The land use plan is uploaded in chapters which have been revised at different times. Some chapters have been revised as recently as 2019 while others are from 2013. ","708,000","$45,988",17.3,Positive,"+0.2 ",Yes,Negative,-0.12,No,F: 68.2  M:49.7,F: 71.5  M: 55.8,F: 76.9  M: 63.1,0,11,0,26055,26.56,34.54,42.60,"Bob Braswell, Chairman, Polk County Board of Commissioners","Jay Jarvis, Director, Polk County Roads & Drainage Division"
2020-03-20 14:16:13,2020-03-20 14:28:10,IP Address,98.208.153.134,100,717,True,2020-03-20 14:28:11,R_3siAPdEydiRfSB9,,,,,26.4347991943359375,-81.81099700927734375,anonymous,EN,Tenney,Kapellusch,Baker,No,No,,,,,No,Yes,"My interviewee's were not sure. ",2010,No,,"27,115","$59,506",17.2%,Positive,+0.1,Yes,Positive,+0.21,Yes,67.6,63.7,85.1,0,16,7,396,30.13,42.06,28.10,"Sara Little, Interim County Manager","Sgt. Bek Parker, Emergency Director/ 911 Coordinator "
2020-03-24 07:17:52,2020-03-24 08:01:15,IP Address,66.177.53.142,100,2602,True,2020-03-24 08:01:15,R_QiyB6SuL9HDg6Fr,,,,,30.1222991943359375,-81.362701416015625,anonymous,EN,Charles,Nussbaum,Duval,No,Yes,"Real Estate,Other",Most-to-All Riverside Businesses,Over 3 million,Around 1 million,No,Yes,Duval County is currently seeking out a Resiliency Officer and is also currently conducting a climate vulnerability assessment,2009,Yes,"There appear to be more recent updates to this plan that include descriptions of several land-use categories (such as industrial, residential, commercial, etc) from 2019. But, the most recent comprehensive and complete plan was from October 2009, though it was labeled as 2010.","950,181","51,296",16%,Positive,'+0.2 degrees Fahrenheit/decade,No,Positive,'+0.8 in/decade,No,63.9,60.7,78.3,0,13,6,"23,149",20.71,35.98,34.29,"Interview with Dr. Quinton White, Executive Dir. MSRI / Professor of Biology, Marine Science at JU","Interview with Matt Carlucci, Jacksonville City Council and Resiliency Committee Member"
2020-03-24 15:04:19,2020-03-24 16:08:00,IP Address,73.105.10.243,100,3821,True,2020-03-24 16:08:01,R_5aNPQODgQJHbH8t,,,,,29.9474945068359375,-81.526397705078125,anonymous,EN,Rifa,Ali,Putnam,No,Yes,Other,ecology: sea grass beds in the St. Johns River are diminishing,,0,No,Yes,"Putnam county is a small, rural county that has yet to address climate change in its planning and thus any estimates on planning and impacts are relatively unknown.",2010,No,,"74,163","33,169",27.6,Positive,+0.2,No,Negative,-0.02,No,67.8,61.6,67.3,0,15,0,"3,258",57.18,52.84,65.84,"Dr. Robert Virnstein, Retired Environmental Scientist","Sean Lahav, MPA, Resiliency Coordinator of Northeast Florida Regional Council"
2020-03-25 20:40:15,2020-03-26 14:07:25,IP Address,66.177.49.149,100,62830,True,2020-03-26 14:07:26,R_3e9V0eRzv7gURy3,,,,,30.1222991943359375,-81.362701416015625,anonymous,EN,Megan,Cannan,St. Johns,Yes,Yes,"Tourism,Agriculture,Other",Construction,,,No,Yes,"According to one of my interviewees, Leslee Keyes, St. Johns County policy typically uses the term “resiliency” in lieu of anything that directly addresses the term “climate change” because the latter is seen as a politicized word. Therefore, though they do not have any climate assessments, they have assessments that are relatable such as the 2017 “Coastal Vulnerability Assessment: City of St Augustine, Florida” and a pairing strategic plan called the “Florida Community Resiliency Initiative Pilot Project.”

Since ""climate change"" is not the frame of perspective used in their policies, none of the people I interviewed felt comfortable proclaiming an estimate regarding the spending on climate impacts or climate preparedness. As I looked at the line item budget, I could not find enough details nor an accurate way to classify money that was presumably used for climate change reasons. For example, I considered comparing hurricane costs from the past to the present, potentially in an attempt to claim that an increased funding for hurricane preparation and recovery could convey the amount spent due to climate change. However, while the line item budget claims one of the construction goals is ""successfully prepared St. Johns County Facilities for Hurricane Irma to minimize storm damage and ensure emergency service facility readiness,"" it clumps the allocation of fund in a way that is inextricable from other services that might have been allocated in pursuit of different goals. It had categories such as ""building maintenance"" and ""equipment maintenance"" without differentiating if the maintenance is for hurricane damage or due to age or some other factor.

I could try to contact the government and request a more detailed line item budget, but since they do not categorize their funding with the intention of addressing climate change, I do think that it would potentially be a futile task. If you would like me to request a budget and re-evaluate, email me at megcannan@ufl.edu.

Lastly, I would like to make a clarification as far as the industries go. While tourism is affected, it is not all necessarily bad. On the one hand, tourism complicates the safety of residents during hurricanes because tourists lack the same knowledge about hurricanes. On the other, a month after Hurricane Matthew hit, St. Augustine cleared debris and hosted their popular event ""Night of Lights."" They had more people come than the past year, and there's speculation as to whether that may be in part due to peoples' curiosity regarding storm recovery. As for Real Estate, there are no known impacts yet, but perhaps that is on the horizon due to floodplain predictions. Agriculture is affected by hurricanes that wreck crops and cause planting delay. Construction has been impacted because floods and hurricanes cause new regulation and also boost the amount of jobs needed.",2010,Yes,"I wanted to clarify why I chose ""yes"" for the prior question. it did not mention ""climate change"" but there is much discussion on dune preservation, minimizing adverse impacts to the environment, and monitoring drainage issues. I believe these issues are exacerbated by climate change and worth noting their acknowledgement within the plan.","254,261","73,640",9.1,Positive,"+0.2 ",Yes,Positive,0.12,No,65.5,62.3,78.6,0,15,6,"24,824",0.688,0,0.425,Leslee Keys: co-chair of Keeping History Above Water (St. Augustine Convention) and professor at Flagler,"Jan Brewer: St. Johns County Environmental Division Manager. *Also interviewed resident Antonia Crawford about her destroyed dunes and next week, I will be talking to Westly Woodward, the floodplain manager."
2020-02-12 15:54:05,2020-03-29 13:57:45,IP Address,184.91.33.192,100,3963819,True,2020-03-29 13:57:45,R_2sTrjy8zCIOTWFi,,,,,29.2866058349609375,-81.0868988037109375,anonymous,EN,Taylor,Paynter,Monroe,Yes,No,,,,,Yes,Yes,"Climate Impact and Preparedness: No direct numbers were given for climate preparedness and impact. It is important to note that Irma disaster was covered by federal aid and a canal restoration project occurred for around 6 million dollars in terms of climate impact. For climate preparedness over 5,800 hours of paid staff time for the 5-year climate action plan and a multi-million add-on fee to fund projects across the county. It is difficult to sum these numbers up without knowing the very specifics, I do not want to give out inaccurate numbers. ",2016,Yes,,75027,63030,12.7,Positive,+.2,Yes,Neutral (0 degrees/decade),0.0,No,60.0,65.9,64.7,0,3,35,46199,19.55,37.56,24.46,"Rhonda Haag -  Chief Resilience Officer ","Alicia Betancourt - IFAS Extension Agent "
2020-03-30 14:42:25,2020-03-30 15:25:58,IP Address,70.163.65.61,100,2613,True,2020-03-30 15:25:58,R_3h3zFjANElO8rmq,,,,,29.646697998046875,-82.328399658203125,anonymous,EN,Katharine,Frey,Marion,No,No,,,$10-15 million,>$40 million,No,Yes,N/A,2018,No,N/A,"359,977","$57,652",31.2,Positive,0.2,Yes,Negative,-0.04,No,79.2,84.3,75.8,0,13,0,9804,*,*,*,Darren Park,Rachel Slocumb
2020-03-31 14:00:06,2020-04-01 14:04:42,IP Address,76.110.174.110,100,86675,True,2020-04-01 14:04:43,R_290IQ57saYV8psC,,,,,26.6598052978515625,-80.24289703369140625,anonymous,EN,Nuzhat,Zaman,Palm Beach,Yes,Yes,"Tourism,Agriculture,Other",Retail,,,No,Yes,"It's hard to estimate how much exactly has been spent on climate change impact and climate change preparedness. The resilience budget since 2018 has been $400,000. This is the closest to an estimate. In terms of climate preparedness, the focus is on changing the way things work, such as altering businesses and existing conditions in order to adapt to climate change. It's difficult to estimate how much money has been put into that.
Also, Palm Beach County has not conducted a climate change vulnerability assessment yet but are in the process of completing one in 2020.",2017,Yes,,1485941,57256,13.4,Positive,+0.2,Yes,Negative,-0.06,No,58.2,62.7,70.4,0,10,17,133892,17.01,23.18,18.79,"Megan Houston, Palm Beach County Resilience Director","Mark Offerman, Palm Beach County Environmental Alliance, Inc. President"
2020-04-02 11:42:36,2020-04-02 12:09:41,IP Address,73.104.104.155,100,1625,True,2020-04-02 12:09:41,R_2QSNas0fpUccTJI,,,,,30.348297119140625,-81.41680145263671875,anonymous,EN,Jacob,Blaudow,Nassau,No,Yes,"Tourism,Agriculture",,,,Yes,Yes,The initial person I reached out to did not know the financial information and the person who she pointed me to never responded.,2019,Yes,,88625,66297,10.4,Positive,.27,Yes,Neutral (0 degrees/decade),0,No,73.4,70.2,92.5,0,16,9,4947,40.01,35.72,41.82,"Adrienne Burke - Former Director of planning, economic development and code enforcement Nassau County",Andre Desilet - Stormwater Director city of Fernandina beach
2020-03-08 09:13:36,2020-04-03 19:00:19,IP Address,72.186.255.90,100,2281603,True,2020-04-03 19:00:20,R_2bW58jLR00XYprm,,,,,28.0117034912109375,-82.582000732421875,anonymous,EN,Aleidys,Lopez Romero,Hillsborough,No,Yes,"Tourism,Real Estate,Agriculture",,,,No,Yes,"Neither of my interviewees were able to give me an estimate on the amount that the county has spent on climate preparedness and/or climate impacts. Also, since the money being spent comes from many different locations, it was difficult for me to find an accurate estimate of the total.",2008,No,,"1,436,888","53,742",15.7%,Positive,+0.1,No,Positive,+0.04,No,62.0,63.1,63.9,0 (no data),5,0,"96,497",22.89,23.26,24.70,Dr.Heather Rothrock; USF Director of Sustainability Policy at the Patel College of Global Sustainability,Sheila McNamara; Sustainability Manager of Hillsborough County
2020-04-03 19:00:22,2020-04-03 20:08:25,IP Address,70.163.65.28,100,4083,True,2020-04-03 20:08:26,R_1dMmbG6N5KkaC2q,,,,,29.646697998046875,-82.328399658203125,anonymous,EN,Samantha,Cassino,Taylor,No,Yes,Tourism,,,,No,Yes,"The interviewees both said there were no concrete numbers on what the county has spent on climate impacts or preparedness.  Victor Blanco assumed millions had been spent indirectly on things like flood recovery, emergency management, and more, though none of this was 100% fact. As I found out through my interviews, many people do not recognize the effects of climate change as such. ",2010,No,,"22,098","37,188","16.4 ",Positive,'+0.1 F/decade,No,Positive,'+0.16 in/decade,Yes,49.9,52.2,62.0,26,29,29,"2,555",45.08,12.91,35.22,"Victor Blanco, Taylor County Marine Extension Agent ",
2020-04-04 13:36:55,2020-04-04 14:12:32,IP Address,73.19.153.158,100,2136,True,2020-04-04 14:12:32,R_vpfGIX8KMMMpL69,,,,,30.1708984375,-85.57959747314453125,anonymous,EN,Ashlyn,Posey,Bay,No,No,,,,50 million,No,Yes,"The county officials did not have that information and those actions were not taken. ",2018,No,,182482,51829,14.7,Positive,0.0,Yes,Positive,+0.11,No,50.8,50.2,56.8,0,16,3,15245,49.26,50.11,40.83,"Keith Bryant, Public Works Director ","Josee Cyr, Engineering Division Manager"
2020-04-04 13:15:49,2020-04-04 15:08:27,IP Address,209.251.153.2,100,6757,True,2020-04-04 15:08:27,R_22XjWshoxSJyVzt,,,,,29.6515045166015625,-82.34929656982421875,anonymous,EN,Elana,Sieck,Brevard,No,Yes,"Real Estate,Agriculture",,,,No,Yes," I was unable to answer the question regarding how much Brevard county has spent in the last five years on climate impacts and climate preparedness because my interviewees stated that Brevard County has not directly spent money on climate impacts and climate preparedness. However, Brevard County has spent money on hurricane recovery and road repair which is related to climate change so it is difficult to set a direct amount on how much money has been spent.",1988,No,,"576,808","$54,359",12.7%,Positive,'+.2F/Decade,No,Negative,'-.14 in/Decade,No,56.0,59.1,67.2,0,22,3,"33,721",29.53,23.82,27.78,"Nicholas Sanzone, Satellite Beach City's Environmental Programs Coordinator"," Lisa Ruckman, Lobbyist for Brevard County's Citizen Climate Lobby"
2020-04-07 07:04:23,2020-04-07 08:04:51,IP Address,73.0.51.116,100,3627,True,2020-04-07 08:04:52,R_6M3sGy2IpdWMUV3,,,,,27.1605072021484375,-80.29250335693359375,anonymous,EN,Anand,Chundi,Calhoun,No,Yes,"Real Estate,Agriculture,Other",Timber,"25,000,000","500,000",No,Yes,,2019,No,,"14,444","38,609",12.2,Positive,0.1,Yes,Positive,0.01,No,39.3,52.3,65.4,0,16,0,592,32.92,31.25,31.35,Carla Peacock- Calhoun County Property Appraiser,Daniel Leonard- UF IFAS County Extension Director and Extension Agent I
2020-04-08 12:26:25,2020-04-08 12:59:56,IP Address,73.46.59.114,100,2010,True,2020-04-08 12:59:56,R_2cqMfEOxpEYu8wO,,,,,25.76409912109375,-80.27020263671875,anonymous,EN,Claire,Hiaasen,Broward,Yes,Yes,Real Estate,,,,Yes,Yes,"I spoke with Broward County's Resilience Officer, she explained that though on the county level her team is coordinating a plan to mitigate the effects of specific climate effects (like increased rainfall), most climate preparedness procedures are covered on the city level. Because Broward is a largely incorporated county, in order to understand just how much money is put towards climate preparedness that number would have to be broken down on a city-by-city level.",2017,Yes,,"1,909,151","$57,333",13.5%,Positive,'+0.3*F/Decade,Yes,Positive,'+0.05in/Decade,No,59.6,64.8,68.4,0,4,24,"623,958",14.15,16.61,17.25,"Jennifer Jurado, Chief Resilience Officer- Broward County","Shepard Edelstein, General Contact for Seven Isles Homeowner's Association "
2020-04-08 13:43:21,2020-04-08 14:03:11,IP Address,66.231.137.104,100,1189,True,2020-04-08 14:03:12,R_Tpczg9XvLnP2smJ,,,,,29.613800048828125,-82.3860015869140625,anonymous,EN,Emily,Boykin,Hendry,No,Yes,"Real Estate,Agriculture,Other","Horticulture, Land Use",,,No,,"Unable to answer the last question (FEMA), as this was never shared with me with a credible source directly working for/with Hendry county. Nor able to answer the budget question regarding climate impacts/preparedness ",2017,No,"Though there were searches for ""sustainable"" and ""environment"", I do not deem those as ""similar topics"". If this methodology does, ""sustainable"" had 7 hits and ""environment"" had 54. ","40,127","40,728",26.8%,Positive,'+0.2/Decade,Yes,Neutral (0 degrees/decade),'-0.04 in/Decade,No,41.7 - 49.9,41.7 - 49.9,60.9 - 135. 2,0,5 - 15,5 - 15,"19,075 - 65,274",*,*,*,Lisa Krimsky of the University of Florida Insititute of Food and Agriculture Sciences Water Resource Extension,N/A
2020-04-09 12:38:21,2020-04-09 14:04:34,IP Address,107.207.221.156,100,5172,True,2020-04-09 14:04:34,R_3kNh14JHdwVIQxT,,,,,30.6710052490234375,-87.17369842529296875,anonymous,EN,Katherine,McCall,Escambia,No,Yes,Other,Oyster Fisheries,,,No,Yes,"I did not answer the climate impacts/prepardeness questions, because there are expenditures and activities in my county that could be interpreted as climate expenditures, but they are not clearly defined as such, even by the county. There was an extreme flood in 2014, for example, how much of that was attributable to climate change is difficult to tell. Also, most of the county's expenditures for preparedness are in flooding risk mitigation, and a lot of that is focused specifically on hurricanes and other disaster events. While climate change might increase the severity of this, the county spent money on preparing for these sorts of events before.",2015,No,"I did not have any problems, I just wanted to note that while the comprehensive plan did not mention climate change, it did include risk mitigation strategies for disaster events and coastal flooding management. Additionally, my county was a part of a pilot project for a coastal vulnerability assessment. ","311,522","49,289",13.9,Neutral (0 degrees/decade),0.0,No,Positive,.32,No,65.2,63.6,65.0,0,18,22,"12,375",42.74,62.211,58.76,"Eric Gilmore, Emergency Manager","Jane Caffrey, Professor at the Center for Environmental Diagnostics and Bioremediation"
2020-04-07 13:27:40,2020-04-10 16:40:50,IP Address,68.105.171.34,100,270789,True,2020-04-10 16:40:51,R_3nCpPq9ioiS49Uf,,,,,29.6475067138671875,-82.40399932861328125,anonymous,EN,Connor,Aucremanne,Okeechobee,No,Yes,Agriculture,,,,No,Yes,The Economic Council of Okeechobee County does not include environmental issues in one of their action committees.,2016,Yes,,"40,572","40,367",22.7,Positive,.2,Yes,Negative,.14,No,57.4,65.4,77.4,0,15,2,"5,702",35.52,53.35,63.73,Audrey Kuipers - Okeechobee County Soil and Water Conservation District Program Manager,Don Sellers - Wedgworth's Inc. Agriculture Advisor & OCSWCD Board Member
2020-04-07 10:52:29,2020-04-10 20:42:11,IP Address,98.180.250.40,100,294582,True,2020-04-10 20:42:12,R_3nxyjb7SFg7GxX1,,,,,29.613800048828125,-82.3860015869140625,anonymous,EN,Ariba,Rezwan,Miami-Dade,Yes,Yes,"Tourism,Real Estate,Agriculture,Other","Commercial, Retail and Businesses",over $12 billion,over $22.373 billion,Yes,Yes,The county spendings on climate impacts and climate preparedness were not given to me from my interviews. I found estimations from this document. https://www.ucsusa.org/sites/default/files/attach/2019/05/Florida-Gound-Zero-in-the-Climate-Crisis-newer.pdf,2019,Yes,,"2,761,581","48,982",16.0,Positive,0.3,Yes,Neutral (0 degrees/decade),0.00,No,62.1,66.5,68.6,0,3,42,"501,047",7.56,10.37,9.53,Mayra Cruz - Catalyst Miami (Climate Resilience Program Manager),Monica Gregory - Office of Resilience (Adaptation Program Coordinator)
2020-04-11 08:39:33,2020-04-11 13:26:10,IP Address,67.172.73.173,100,17197,True,2020-04-11 13:26:10,R_77zTqnz6FH4QJ0Z,,,,,26.2281036376953125,-80.16480255126953125,anonymous,EN,"Tate ",Johnson,Hardee,No,No,,,,,No,No,everyone i has spoken too did not know the estimates and i couldnt find them online anywhere,2030,No,,"27,228","37,594",26.693,Positive,0.2,Yes,Negative,-0.08,No,63.4,65.2,66.9,0,5,0,486,47.44,44.22,80.30,"Lawrence McNaul, Hardee County Manager","Todd Miller, Planning and Development Hardee County"
2020-04-11 13:35:53,2020-04-11 13:41:00,IP Address,67.233.94.194,100,306,True,2020-04-11 13:41:00,R_26gsqY9iCNpM4mW,,,,,28.5435943603515625,-81.37380218505859375,anonymous,EN,Melanie,Halem,Lake,No,Yes,"Tourism,Agriculture",,$2.9 million (hurricane repair),$0,No,No,,2009,No,,"356,495","$51,884",11.5%,Positive,0.2,No,Negative,-.11,No,62.8,70.7,77.5,0,13,0,"13,105",39.15,41.1,36.93,"Thomas Carpenter, Lake County Emergency Management Director","Megan Mann, Lake County Extension Director"
2020-04-11 10:01:43,2020-04-11 13:51:11,IP Address,68.200.15.228,100,13768,True,2020-04-11 13:51:13,R_2ymEDs6xc4Rd1Pa,,,,,28.8722991943359375,-82.34539794921875,anonymous,EN,Nicholas,Lahera,Gilchrist,No,No,,,0,0,No,No,"Both commissioners who I spoke to felt that there were not larges changes in the climate in Gilchrist County and as such have not felt the need to find any of these metrics.  Both of them mentioned that they do not receive a lot of money because they are small counties.  As such, they prioritize their spending differently.  Both mentioned an influx of individuals coming from larger counties which they believed would affect the natural resources, but both seemed prepared for this and did not feel it would promote climate change.",2007,No,"I found my county's report, but I wanted make some points to my above answers.
First, although the most recent plan was from 2007, the most recent changes were updated as recently as February 28th, 2019.
Secondly, there is no mention of climate change (also as noted in both of my interviews), however, there is discussion of the environment.  Not from a shifting climate perspective, but from a preservation perspective.  This is why I still chose ""no"".",18256,42357,16.8,Positive,+0.1,No,Positive,+0.37,Yes,50.1,42.1,67.1,0,9,0,631,0,10.7,33.22,County Commissioner William Martin,County Commissioner Todd Gray
2020-04-11 14:36:06,2020-04-11 14:42:21,IP Address,47.196.88.177,100,375,True,2020-04-11 14:42:22,R_1NgKZLcx6I9vgQd,,,,,27.944793701171875,-82.24089813232421875,anonymous,EN,Sofia,Varon,Hernando,No,Yes,Other,Fishing,0,,No,Yes,"The county has not explicity spent money on climate impacts in the last five years though there may costs that could be linked to climate impacts. Additionally, the county is now beginning to develop spending plans for prevention but nothing has been explicitly allocated towards preparedness yet. A memorandum agreement is being developed in order to address funds for climate preparedness but has not been finalized yet.Hernando county has developed a Land Mitigation Strategy assessment which is currently being updated to reflect an acknowledgement that climate change is a factor but the overall focus of the assessment is not climate vulnerability. The LMS focuses on hazards but not through the lens of climate change.  ",2018,Yes,"While the local comprehensive plan for Hernando county does not mention climate change, it does address the need to mitigate sea level rise which is a byproduct of climate change. ","182,696","$46,030",14.3%,Positive,+0.2,Yes,Negative,-0.12,No,51.4,44.1,51.4,0,5,0,"5,075",42.81,34.56,34.83,"Dawn Velsor, Lead Environmental Planner","John Burnett, CFM, Stormwater Inspector"
2020-04-11 19:37:48,2020-04-11 19:58:35,IP Address,71.214.68.220,100,1247,True,2020-04-11 19:58:38,R_2qltLNMOp8sNpzY,,,,,29.1656951904296875,-82.12729644775390625,anonymous,EN,Makiya,Seminera,Citrus,No,Yes,Tourism,,0,0,No,Yes,,2013,Yes,,147929,40574,17.4,Positive,.2,Yes,Negative,-.3,No,63.2,61.0,64.5,0,5,0,13341,0,1.042,0,County Commissioner Jimmie T. Smith,"Marine Science Station Supervisor Earnie Olsen "
2020-04-12 08:23:25,2020-04-12 08:34:46,IP Address,96.58.141.90,100,680,True,2020-04-12 08:34:46,R_2YVrWf7MuUyzLNK,,,,,27.7537994384765625,-82.72080230712890625,anonymous,EN,Marisa,Younger,Pasco,No,No,,,,,No,Yes,"the county has conducted smaller vulnerability assessments, but not a countywide climate vulnerability assessment; the estimate on how much the county has spent on climate impacts and climate preparedness were not specifically tracked in fiscal terms, however, the county has spent money on projects such as lining wastewater lines to prevent saltwater intrusion and identified $54 million in stormwater improvements after Hurricane Hermine, which are in the process of being funded and implemented",created in 2013 for 2025,No,,"539,630","$48,289",13.6%,Positive,+0.2,No,Negative,-0.04,No,61.9,63.3,64.7,0,5,0,"61,640",26.18,30.63,29.71,"Kristen King, Keep Pasco Beautiful Community Coordinator","Mary Helen Duke, Sr. Planner – Project Management | Planning and Development Department | Long Range Planning Division"
2020-04-12 08:35:37,2020-04-12 09:06:04,IP Address,104.222.18.161,100,1827,True,2020-04-12 09:06:04,R_vwSXheGWv1CCt8Z,,,,,29.6475067138671875,-82.40399932861328125,anonymous,EN,Esteban,Burgos-Herrera,Sarasota,Yes,Yes,"Tourism,Real Estate,Other",Construction,,,Yes,No,"According to Sustainability Manager for Sarasota city Stevie Freeman-Montes, the budget is not divided by climate preparedness and impacts, as these are often tied together. According to County adopted budgets, $871,332,806 was allocated from 2016-2019 on physical environment costs, which includes preventative and upkeep measures addressing climate change.

",2016,Yes,,"426,718","61,683",10.5,Positive,0.2,No,Positive,0.04,No,53.4,47.9,46.0,0,4,0,"58,182",24.24,21.12,30.47,"Virginia Haley, President of Visit Sarasota","Jen Ahearn-Koch, Mayor of Sarasota "
2020-04-12 09:04:01,2020-04-12 10:18:34,IP Address,174.70.66.9,100,4472,True,2020-04-12 10:18:34,R_1H2eT32H6klSM2d,,,,,29.6475067138671875,-82.40399932861328125,anonymous,EN,Kassidy,House,Leon,No,No,,,,,No,Yes,"For question 4, neither of my interviewees could answer this question and I could not find a specific number online. However, it would be somewhere in the millions because Tessa Schreiner said that they put in millions of dollars of investment to reduce their greenhouse gas emissions.

For question 6, Leon County received individual assistance and public assistance from FEMA in 2015.",2020,Yes,,"292,502","51,201",20.4,Positive,+0.1,No,Neutral (0 degrees/decade),0.00,No,36.8,48.7,80.9,0,21,23,"7,386",21.22,40.25,25.79,"Bruce Strouble, Sustainability Program Coordinator at City of Tallahassee","Tessa Schreiner, Sustainability Manager for Leon County "
2020-04-12 11:23:19,2020-04-12 12:07:29,IP Address,96.241.51.88,100,2649,True,2020-04-12 12:07:29,R_2Si561FujVF2XZH,,,,,39.0850982666015625,-77.05899810791015625,anonymous,EN,Isabella,Orgel,Volusia,Yes,Yes,"Tourism,Other","the interviewees speculated a possible impact on the tourism industry, but they had no concrete data to back this claim.",,,Yes,Yes,"They know that the county has spent money on climate impacts such as stormwater projects from flooding, but they have no official record of money spent, so they could not give me an official answer. The same goes for climate preparedness. They know the county government has spent money there, but no official record provided me with no official answer. They believe the separate municipalities have spent money in their own area. ",2019,No,"Here is a link to where I found the plan. Each chapter is its own document, so I may have missed a mention of climate change in searching 25 different documents. However, I found no mention.  https://www.volusia.org/services/growth-and-resource-management/planning-and-development/long-range-planning/comprehensive-plan.stml","527,634","$46,760",15.2%,Positive,'+0.2 degrees F/ decade,No,Neutral (0 degrees/decade),0 in/ decade,No,58.1,63.0,67.4,0,19,0,"36,453",33.06,37.34,35.75,"Interview with Ginger Adair, Volusia County's Environmental Management Director","Interview with Katrina Locke, Volusia County's Sustainability and Resilience Manager"
2020-04-12 12:07:53,2020-04-12 12:24:32,IP Address,104.222.18.161,100,999,True,2020-04-12 12:24:33,R_3lF7N0dB7QV0tDy,,,,,29.6475067138671875,-82.40399932861328125,anonymous,EN,Laura,Robles-Torres,Orange,Yes,Yes,Tourism,,,,No,Yes,"The Resilience Officer of Orange County has indicated he could not estimate the how much has been spent on impacts and preparedness. No vulnerability assessment has been done for the county that can provide these estimates. ",2007,Yes,,1380645,51586,16.7,Positive,0.2,Yes,Negative,0.09,No,59.5,66.9,74.9,0,21,0,30205,20.47,22.35,20.12,"Interview with Orange County Resilience Officer, Jeff Benavides","Interview with Climate Change Activist and USGS Engineer, Michelle Irizarry "
2020-04-12 15:39:48,2020-04-12 15:51:05,IP Address,76.214.244.225,100,676,True,2020-04-12 15:51:05,R_WxpEDY0BxyOnfKF,,,,,25.76409912109375,-80.27020263671875,anonymous,EN,Shannon,McCloskey,Union,No,No,,,,,No,Yes,"I was unable to provide an estimate of how much money Union County spent in the last five years on climate impacts and climate preparedness because the officials I interviewed did not have an answer to this question for me. After doing some research, I found that the county spent approximately $4,311,479 on “physical environment” expenditures in their 2014-2018 fiscal years. However, it is not known how much of this (if any) specifically went into climate impacts and climate preparedness.",2010,No,"I was able to find Union County's existing Land Use Plan Map, which was last updated in 2010, however I was unable to find any report or write-up that elaborated or explained on this plan.","15,239","$41,770",22.0%,Positive,+0.1,No,Positive,+0.27,No,54.3,45.1,71.2,0,13,6,395,*,*,*,"Luke Harlow, Interim Director and Agriculture and Natural Resources Agent- Union County UF IFAS Extension","Timothy Allen, Union County Emergency Operations Center Director"
2020-04-12 14:49:02,2020-04-12 16:02:08,IP Address,70.163.66.117,100,4386,True,2020-04-12 16:02:09,R_23ajbXJrTfmGN77,,,,,29.646697998046875,-82.328399658203125,anonymous,EN,Sebastian,Mallory,Bradford,No,Yes,Agriculture,,,,No,Yes,I was told the county has pursued climate preparedness or climate impacts.,2020,No,"The link on the actual Bradford County website was broken, but I was able to locate it on the North Central Florida Regional Planning Council website, which included comprehensive land use plans for Bradford County as well as several others (e.g. Union, Lafayette, etc.) and cities (e.g. Starke)","27,732","$46,197",19.5%,Positive,+0.1,No,Positive,+0.16,No,50.7,43.3,65.4,0,13,6,1313,14.74,45.13,42.88,"Rachel Rhoden, County Manager","Bob Milner, City of Starke City Manager (Starke is county seat of Bradford)"
2020-04-12 16:23:09,2020-04-12 16:35:07,IP Address,99.114.133.63,100,717,True,2020-04-12 16:35:08,R_2c2gOpekutSW2ig,,,,,30.2801055908203125,-81.41649627685546875,anonymous,EN,Caty,Allen,Gulf,No,Yes,"Tourism,Other",Port (cargo) Industry,,,Yes,Yes,The woman I interviewed was unable to give me an estimate because she works in a regional office and I was unable to find one in research.,2011,No,,"16,055","$44,291",13.9%,Positive,0.0+,Yes,Positive,0.1+,No,52.7,56.2,58.5,0,3,0,"3,221",25.47,103.35,84.25,"Caroline Smith, Economic Development Planner for the Apalachee Regional Planning Council",Was unable to complete an official second interview and have contacted director about this issue
2020-04-12 19:13:34,2020-04-12 19:34:04,IP Address,128.227.11.130,100,1230,True,2020-04-12 19:34:04,R_3KZbkMy3b8KTzzb,,,,,29.6475067138671875,-82.40399932861328125,anonymous,EN,Charles,Karcher,Madison,No,Yes,Agriculture,,,,No,No,My interview subjects did not have numbers available for these questions.,2015,No,,"18,474","$35,509",28.2%,Positive,0.1,No,Positive,0.09,No,60.5,53.7,67.9,0,21,23,851,29.84,87.78,64.16,Joel Love,Buck Carpenter
2020-04-12 20:05:12,2020-04-12 20:21:31,IP Address,99.20.117.249,100,978,True,2020-04-12 20:21:32,R_sMCnO6daMVs0Hlf,,,,,29.613800048828125,-82.3860015869140625,anonymous,EN,Yanissa,Rodriguez,Suwannee,No,Yes,"Agriculture,Manufacturing",,,,No,Yes,Neither of my interviewees had access to information on the amount of money spent on climate impacts/climate preparedness.,2015,No,,"43,924","$42,686",17.8,Positive,+0.1,No,Positive,+0.28,No,63.2,52.9,69.6,0,10,4,1752,47.31,66.01,88.94,Robert Hochmuth; UF/IFAS North Florida Regional Extension Education & Research Office,Ronald Meeks; Planning & Zoning Director of Suwannee County
2020-04-12 20:44:59,2020-04-12 20:58:01,IP Address,73.124.205.114,100,782,True,2020-04-12 20:58:01,R_2zClGyUk2qn38xu,,,,,26.1486053466796875,-80.27680206298828125,anonymous,EN,Jennifer,Ronderos,Glades,No,Yes,Agriculture,,,,No,No,The first person I interviewed cannot speak for the county level or just doesn't know overall.,2010,Yes,,"13,363","39,879",17.0%,Positive,'+0.2 degrees F/decade,Yes,Neutral (0 degrees/decade),'+0.00 in/decade,No,49.9,57.1,62.1,0,10,1,"3,258",23.86,7.20,26.04,Lisa Krimsky the Water Resources Regional Specialized Agent,
2020-04-12 20:30:48,2020-04-12 21:39:26,IP Address,75.74.51.173,100,4117,True,2020-04-12 21:39:28,R_33D8xS8YDRlkrU0,,,,,27.1414947509765625,-80.2017974853515625,anonymous,EN,"Lacey ",Lingelbach,Pinellas,Yes,No,,,,,Yes,No,"According to one of my sources, it is hard for them to estimate the amount spent on climate impacts or climate preparedness because there are a lot of projects that contribute to climate resiliency. However, these projects are not specifically done for climate resiliency. Thus, no one is tracking the funds spent on all these projects. They have spent $300,000 on a vulnerability assessment as well as hired a sustainability coordinator, and designed 2 living shorelines. Also, all of their capital projects are assessed and designed to meet climate standards. Overall, it is hard to estimate howmuch has been spent on climate impacts and preparedness. 

Also, both sources said that the Counties industries have not experienced direct impacts of climate change yet, but are expected to as sea levels rise. ",2008,Yes,,"957,875","$51,454",13.0%,Positive,0.2,Yes,Positive,0.05,No,60.6,59.1,58.4,0,5,0,"159,355",25.98,28.66,19.49,"Hank Hodde, Pinellas County's Sustainability & Resiliency Coordinator","Kelli H. Levy, Director of Pinellas County's Public Works Department"
2020-04-13 04:44:41,2020-04-13 05:05:56,IP Address,128.227.113.3,100,1274,True,2020-04-13 05:05:57,R_RgDLQK0JwtFu13P,,,,,29.613800048828125,-82.3860015869140625,anonymous,EN,Lily,Cao,Seminole,No,Yes,"Tourism,Agriculture",,,,Yes,Yes,Costs were not found online. Unable to speak to Emergency Management of Seminole County about costs (due to Covid-19 office was busy).,2017,Yes,,467832,60739,11.8,Positive,+0.2,No,Negative,-0.07,No,"46.7 Males, 63.6 Females","54.6 Males, 66.3 Females","60.8 Males, 71.6 Females",0,18,0,"10,289",19.87,22.85,21.99,"Desta Horner, Chapter Leader of Citizens Climate Lobby","Elizabeth Stephens, Seminole Education Restoration and Volunteer Coordinator"
2020-04-13 07:35:46,2020-04-13 07:40:57,IP Address,96.78.117.189,100,311,True,2020-04-13 07:40:57,R_3GvLKcRlvYTJ5Mu,,,,,27.7642974853515625,-80.601898193359375,anonymous,EN,Sarah,Garavaglia,Washington,No,No,,,0,0,No,Yes,,2020,Yes,,24566,37188,22.4,Positive,0.0,No,Positive,+.11,No,51.4,49.0,55.6,0,18,4,"1,127",20.26,62.12,51.79,"Mark Mauldin, UF/IFAS Agriculture and Natural Resources Agent","N/A, I spoke with Ms. Barnett about this already!"
2020-04-09 07:55:58,2020-04-13 09:58:36,IP Address,66.231.156.47,100,352957,True,2020-04-13 09:58:37,R_1N21f4mHpUlVi6P,,,,,29.646697998046875,-82.328399658203125,anonymous,EN,Cameron,Brousse,Dixie,No,Yes,Real Estate,,,,No,,"I emailed my detailed explanation of this, but overall this information was unavailable to me as the people I reached out to were unknowing. ",2010,Yes,,"16,437","38,237",(of children under 18) 31.1%,Positive,+0.1,No,Positive,+0.41,Yes,47.6,33.1,51.3,0,8,0,"3,290",5.68,20.56,16.97,,
2020-04-12 11:30:47,2020-04-13 11:05:17,IP Address,71.214.132.227,100,84870,True,2020-04-13 11:05:17,R_2cCS3KIX4KlAmHG,,,,,28.6259002685546875,-81.73059844970703125,anonymous,EN,"Victor ",Musleh,Sumter,No,Yes,Agriculture,,,,No,No,"All of county officials I contacted refused to talk about climate change policy with me and referred me to regional officials. ",2019,No,,"128,754","55,228",9.3,Positive,+.2,Yes,Negative,'-.13 inches,No,61.4,64.4,68.4,0,5,0,"4,758",*,*,*,"Jennifer Rupert, Regional Disaster Resilience Coordinator, East Central Florida Regional Planning Council","Matt Smith, Sustainable Agriculture and Food Systems Agent, Sumter UF IFAS"
2020-04-12 09:34:22,2020-04-13 11:33:42,IP Address,47.205.235.238,100,93560,True,2020-04-13 11:33:43,R_28ZIpkY8qE7EVKb,,,,,28.2987060546875,-82.6902008056640625,anonymous,EN,Gaven,Simon,Alachua,Yes,No,,,,1-5 million,No,Yes,"Post hurricane Irma, individuals applied for FEMA relief but the county did not. ",2011,Yes,,"263,000","$49,000",21%,Positive,.1,No,Positive,.15in,No,65.5,60.6,72.5,0,0,0,"7,670",.000,.000,.000,"Herman Younger ",Stephen Hofstetter
2020-04-12 19:37:40,2020-04-13 11:51:32,IP Address,35.143.148.10,100,58432,True,2020-04-13 11:51:33,R_6eVsSYavyelN59D,,,,,27.8043975830078125,-82.27590179443359375,anonymous,EN,Karisya,Moran-Adames,Hamilton,No,Yes,"Agriculture,Other",Mining,,,No,No,Can not estimate money spent because unable to speak with an official and no information available online,NA,No,"Unable to find a comprehensive plan but did find their zoning map and future land use plan, both of which are maps of the county",14310,34583,29.5,Positive,.1,Yes,Positive,.14,No,68,58.5,74.1,0,16,4,445,0,0,0,na,na
2020-04-13 11:40:26,2020-04-13 12:01:58,IP Address,45.19.209.156,100,1291,True,2020-04-13 12:01:58,R_PSWNwNqGYOxNkVb,,,,,29.2866058349609375,-81.0868988037109375,anonymous,EN,Kimberly,Janssens,Flagler,Yes,Yes,"Tourism,Agriculture",,30 million,"30,000",No,Yes,,2010,Yes,,"107,139","53,872",11.9,Positive,+0.2,Yes,Positive,+0.02,No,80.1,67.9,68.2,0,15,0,"5,797",22.09,41.60,18.75,Tim Telfer - Flagler County Public Lands and Natural Resource Manager,Katrina Friel - Economic Development Manager
2020-04-13 12:27:57,2020-04-13 12:41:20,IP Address,174.78.104.16,100,803,True,2020-04-13 12:41:20,R_vIVfD1Sc8WCoK1r,,,,,29.613800048828125,-82.3860015869140625,anonymous,EN,Nathalie,Thelemaque,Liberty,No,Yes,"Agriculture,Other",Timber Industry,,,No,Yes,"While it is known that the county has received grants for FEMA regarding Hurricane Michael, indirectly allowing for climate mitigation, exact numbers were not reported on any comprehensive plans. The estimates are not readily available to the public.",2019,No,,"8,365"," Median household income (in 2018 dollars), 2014-2018	$37,363",23.8,Neutral (0 degrees/decade),+0.0,Yes,Negative,'-0.02 in,No,37.4,49.9,78.1,0,15,12,275,76.28,88.97,21.64,N/A,N/A
2020-04-13 13:17:56,2020-04-13 13:23:29,IP Address,73.1.42.13,100,333,True,2020-04-13 13:23:29,R_2ckjf5FliHKV6kj,,,,,26.3105926513671875,-80.1428985595703125,anonymous,EN,Natalie,Hollander,DeSoto,No,Yes,Agriculture,,,,No,Yes,"Those who I interviewed were not knowledgeable of county spending. I was directed to speak with Mandy Hines, the County Administrator, to receive an answer on estimates of how much DeSoto County has spent on climate impact or preparedness, however, when I reached out, due to COVID-19, she stated she wouldn't be able to assist me until the end of April. Upon going through the county's 2019-2020 budget, I did not see any information regarding climate impacts or climate preparedness.",2016,No,,"37,489","35,057",26.1,Positive,0.2,No,Positive,0.04,No,69.5,39.5,31.3,0,5,0,"1,108",52.72,41.68,35.04,"Karla Hernandez ",Stephen Hutch
2020-04-10 10:14:27,2020-04-13 14:15:35,IP Address,73.179.199.84,100,273667,True,2020-04-13 14:15:35,R_12PhuLjQ6td4SrI,,,,,25.606201171875,-80.3451995849609375,anonymous,EN,Nicholas,Mesa,Jefferson,No,Yes,Agriculture,,"$1,000,000","$650,000",No,Yes,,2012,No,,"14,288","48,173",14.1,Positive,+0.1,No,Positive,+0.02,No,40.0,46.0,71.2,N/A,21,23,386,28.07,22.22,43.84,Danielle Sprague Jefferson County UF IFAS Agriculture and Natural Resources Agent,Parrish Barwick County Coordinator for Jefferson County
2020-02-13 13:31:44,2020-04-13 14:17:47,IP Address,66.231.148.100,100,5183163,True,2020-04-13 14:17:47,R_1HjlxyyseTkLFsJ,,,,,29.646697998046875,-82.328399658203125,anonymous,EN,Shannon,Salvatori,Gadsden,No,No,Other,They said they did not have data to answer this question,0,0,No,No,"They said they were unsure if they had to apply for FEMA aid in flooding, They did say they applied for FEMA aid from wind",2015,No,,"46,017","40,922",24.6,Positive,0,No,Negative,-.09,No,37.5,50.9,82,0,21,22,729,21.66,45.3,92.62,Tony and Betsey Brown - Longview Farms Owners,Jon Brown - Public Information
2020-04-13 12:29:25,2020-04-13 14:18:26,IP Address,24.250.170.49,100,6541,True,2020-04-13 14:18:26,R_1rv7Gnlr1mW2cxL,,,,,29.6475067138671875,-82.40399932861328125,anonymous,EN,Samantha,Howley,Indian River,No,Yes,"Tourism,Real Estate,Agriculture,Manufacturing,Other",Aquaculture,33 million,"roughly 33.3 million ",Yes,Yes,source for climate change costs: https://www.ircgov.com/departments/budget/2019-20/1920BB.pdf,2011,Yes,,157413,"57,508",9.7%,Positive,0.2,No,Positive,0.04,No,55.6,54.5,74.2,0,22,3,"21,140",36.43,23.76,42.95,"Kendra Cope, Natural Resources Manager","Eric Charest, Environmental Compliance Specialist"
2020-04-08 15:26:04,2020-04-13 14:56:30,IP Address,24.250.191.247,100,430226,True,2020-04-13 14:56:30,R_vTrGgBCQlKlBy9j,,,,,29.6959075927734375,-82.40419769287109375,anonymous,EN,Claire,Hodges,Franklin,No,Yes,"Tourism,Real Estate,Agriculture,Other",Fishing,,,No,Yes,"As I was assigned this county rather last-minute, I was unable to conduct interviews or extensive research on county spending on climate impacts and climate preparedness. ",2004,No,"Just as a note, the year it was written is an estimate provided after I called the Planning Department, because there is no year mentioned on the document, and the Senior Planner to whom I spoke was not sure. ","11,736","$61,937",13.1%,Neutral (0 degrees/decade),'+0.0ºF/Decade,Yes,Negative,'-0.04 in/Decade,No,38.5,44.6,54.9,0,0,12,4558,0,0,0,NA,NA
2020-04-13 14:56:37,2020-04-13 15:01:46,IP Address,24.250.191.247,100,309,True,2020-04-13 15:01:47,R_PuCxpVatRwfTI7n,,,,,29.6959075927734375,-82.40419769287109375,anonymous,EN,Claire,Hodges,Wakulla,No,Yes,"Tourism,Real Estate,Agriculture,Other",Fishing,">500,000",,No,Yes,"During my interview with County Commissioner Chuck Hess, he provided a rough estimate of greater than half of a million dollars for the cost spent on climate impacts. However, he made sure to note that this was an unreliable number and depended on the type of projects included in the estimation, as well as acknowledged that many of these projects were conducted without climate preparedness or impacts in mind. I attempted to access the Wakulla County budgets to cross reference a list of projects that would fall under these categories, but their budget plans are currently inaccessible due to their website being under modification, and their office is closed due to the current COVID-19 situation. ",2018,Yes,,"31,877","$62,778",11.5%,Neutral (0 degrees/decade),'+0.0ºF/Decade,No,Positive,'+0.04 in/Decade,No,37.9,44.4,70.7,0,6,15,2710,0,0,0,"Chuck Hess, Wakulla County Commissioner","Bob Ballard, Executive Director of the Wakulla Environmental Institute"
2020-03-31 16:56:46,2020-04-13 15:14:31,IP Address,70.163.65.255,100,1117065,True,2020-04-13 15:14:32,R_2fKks3U9sR9MRNG,,,,,29.646697998046875,-82.328399658203125,anonymous,EN,Shannon,Regan,Franklin,No,Yes,"Tourism,Other",possibly the oyster industry,N/A,N/A,Yes,Yes,the county official I talked to wasn't sure,2003,Yes,the only plan I could find was from 2003,"11,736","42,855",20.7,Neutral (0 degrees/decade),+0.0,Yes,Negative,-0.04,No,38.5,44.6,54.9,0,0,12,4558,31.04,86.72,52.20,"Anita Grove, County Commissioner",N/A
2020-04-13 15:56:06,2020-04-13 16:00:57,IP Address,70.163.68.214,100,291,True,2020-04-13 16:00:57,R_2R31qLt8QwHmelP,,,,,29.613800048828125,-82.3860015869140625,anonymous,EN,Lianne,D'Arcy,Highlands,No,Yes,Agriculture,,,,No,Yes,"I was unable to gather how much money was spent on climate impacts or climate preparedness. I couldn't find appropriate resources online, and none of my sources could give me an estimate, nor did they know where to find the information themselves.",2017,No,,105424,"$39,796",22.4%,Positive,0.2 degrees F,Yes,Neutral (0 degrees/decade),'-0.05 in/decade,No,70,78.4,91.9,0,10,0,"2,770",34.59,30.57,49.63,Lisa Krimsky - UF/ IFAS Highlands County extension agent,Taylor Davis - UF/IFAS Livestock and Natural Resources Extension Agent for Highlands County.
2020-04-13 21:03:33,2020-04-13 21:21:16,IP Address,24.250.185.193,100,1063,True,2020-04-13 21:21:17,R_1OB6omwsVxeE6wr,,,,,29.6475067138671875,-82.40399932861328125,anonymous,EN,Sheana,Ward,St. Lucie,No,No,,,,,Yes,Yes,"My county official was unresponsive when our interview date came and later cancelled. My replacement for her cancelled as well (I outlined this to Dr. Barnett in an email with further detail if it is needed). So unfortunately, I was unable to find data on county expenses. ",2019,Yes,,"321,128","47,132 ",16%,Positive,'+0.2 F/decade,Yes,Negative,'-0.10 in per decade,No,63.3,50.6,50.8,5,16,0,20298,22.90,27.64,27.52,"Ken Gioeli, St. Lucie IFAS Extension Agent","Dr. Eddie Widder, CEO of Ocean Research & Conservation Association"
2020-04-14 09:34:03,2020-04-14 09:34:53,IP Address,98.219.66.96,100,50,True,2020-04-14 09:34:54,R_3nI3RslK5zblfqy,,,,,25.9971923828125,-80.325897216796875,anonymous,EN,Kahyla,Borges Santos,Columbia,No,Yes,"Agriculture,Other",Interviewee said that only after Tropical Storm Debby in 2012 which caused major flooding.,,,No,No,"They applied for FEMA relief in 2012 after Debby, but unsure about within the last 5 years.  How much they've spent on climate impacts/preparedness were around the ""millions"" - mostly for flooding. ",09/20/2019,Yes,,"70,503","44,491",17.3,Positive,'+0.1°,No,Positive,+0.34,No,54.9,44.4,69.7,0,16,4,"2,278",42.63,30.43,28.31,"Troy Crews - Building and Zoning Director ","Merrillee Malwitz-Jipson - Riverfront Property Owner and member of the Our Santa Fe River organization "
2020-04-13 08:50:00,2020-04-14 13:18:20,IP Address,128.227.222.140,100,102500,True,2020-04-14 13:18:22,R_1mI3OLgypxdvOX4,,,,,29.6840057373046875,-82.356903076171875,anonymous,EN,Kaylyn,Ling,Holmes,No,No,,,,,No,Yes,All interview requests expressed disinterest or non-participation in climate preparedness and climate impact. They identified as unaffected by climate change.,"1992, with amendments through 2017",No,,19477,38608,23.9,Neutral (0 degrees/decade),0.0,No,Positive,+0.18,No,45.5,42.4,53.1,8,22,8,1371,45.79,35.32,21.65,N/A,N/A
2020-04-14 14:31:07,2020-04-14 14:31:54,IP Address,98.219.66.96,100,46,True,2020-04-14 14:31:54,R_3PZbiQsfrPCkEP8,,,,,25.9971923828125,-80.325897216796875,anonymous,EN,Giovanna,Kubota,Levy,Yes,Yes,Other,shellfish and aquaculture,,,Yes,Yes,"I could not find the information regarding Levy County's costs, and none of my sources could give me an estimate.",1999,Yes,"Levy County's planning department did not respond to any of my emails or phone calls regarding a newer plan. Although I found a 2017 comprehensive plan, I'm unaware if a newer one exists.","39,961","$37,634",20.7%,Positive,'+0.1F,Yes,Positive,'+0.21 inches,No,58.7,56.2,66.3,0,9,0,"2,620",25.50,28.09,49.27,"Wilbur Dean, Levy County Coordinator","Genevieve Mendoza, UF IFAS Levy County 4-H Agent"
2020-04-14 14:40:06,2020-04-14 14:40:48,IP Address,98.219.66.96,100,41,True,2020-04-14 14:40:49,R_ZepRPNTKSGy0xTX,,,,,25.9971923828125,-80.325897216796875,anonymous,EN,Lavanya,Durai,Okaloosa,No,Yes,"Tourism,Real Estate",,,,Yes,Yes,"The Emergency Management Program, part of the Department of Public Safety, receives approximately $400,000 to $500,000 annually in funding to use for multiple hazards like hurricanes, flooding, wildfires, etc. The county has plans in place to address each issue and allots money from this budget for both climate preparedness and impacts/damage.  ","2009 ",No,,"207,269","$62,048",12.7%,Neutral (0 degrees/decade),+0.0,No,Positive,+0.22,No,43.6,42.7,52.5,0,18,17,"10,409",0,0,0,"Ken Wolfe, Emergency Management Coordinator","Diane Fraser, Director of Emerald Coast Science Center"
2020-04-14 14:30:57,2020-04-14 14:46:19,IP Address,68.234.234.154,100,922,True,2020-04-14 14:46:19,R_3MyZ4MGVEabt1c9,,,,,29.6475067138671875,-82.40399932861328125,anonymous,EN,Jessica,"Wingen ",Jackson,No,Yes,Agriculture,,"234,176",,No,Yes,"I was not able to find or ask anyone how much the county has spent on climate preparedness in the last 5 years. I was also only able to get one interview by a county official. I tried numerous times to contact over 25 Jackson County officials and no one got back to me. I spoke with the administrator of the Commissioner's Office and she explained that their staff has been working at half capacity for the last 3 weeks and they may have missed my attempts. ",2019,No,,"48,472","39,002",20.6,Positive,0.0,No,Positive,0.04,No,48.4,57.1,70.4,0,22,9,918,31.74,74.32,85.03,"Doug Mayo, Jackson County Extension Director ",NA
2020-04-14 18:36:42,2020-04-14 19:02:25,IP Address,47.204.236.8,100,1543,True,2020-04-14 19:02:26,R_2UVm5X98TRA5fWX,,,,,28.1450958251953125,-82.5131988525390625,anonymous,EN,Edward,Schlein,Lafayette,,,,,,,,,Was unable to conduct interviews,1991,No,"I was unable to find a plan dating after 1991, only appraisal reports that would appear to validate the continued use of this plan",8744,$41.512,17.8,Positive,+0.1,No,Positive,+0.27,No,40.5,21.4,39.7,0,9,0,680,56.29,27.27,0.0,,
2020-03-02 10:29:57,2020-04-15 14:36:24,IP Address,128.227.136.108,100,3812787,True,2020-04-15 14:36:25,R_2EBt9hbsyQO7lxG,,,,,29.613800048828125,-82.3860015869140625,anonymous,EN,Julian,Valdivia,Lee,Yes,Yes,"Tourism,Real Estate,Agriculture,Other",Construction,,,Yes,Yes,Budgets for the resiliency office could not be found. According to the conversations I had with community members it hasn't been as much as it used to be and has gradually been reduced.,2019,Yes,"Though climate change is not referenced, sea level rise is.","718,679 ","54,691 ",14.0,Positive,0.2,No,Positive,.22,No,39.5,42.2,41.4,0,5,0,"169,146",24.13,24.45,23.45,Jim Beever III - Retired SWFL Regional Planner,Joe Coviello - Mayor of Cape Coral (Delayed due to quarantine)
2020-04-16 09:13:04,2020-04-16 09:20:35,IP Address,47.202.160.41,100,450,True,2020-04-16 09:20:35,R_tStebHT3kYKPYC5,,,,,27.4748992919921875,-82.61859893798828125,anonymous,EN,Rebecca,Watters,Manatee,No,Yes,"Tourism,Agriculture,Other",Service/Retail,,,Yes,Yes,Interviewees explained that climate research and action is very new in Manatee County. Plus it is hard to measure because something could impact the climate without that being its main intention.,2019,No,,"394,855","53,408",13.4,Positive,+0.2,No,Negative,-0.01,No,61.4,62.9,63.3,0,5,0,"43,673",24.55,33.85,34.30,Jeff Ryan Redevelopment Coordinator and Lea Harper G.I.S. Analyst,Charlie Hunsicker Parks and Natural Resources Director
2020-04-16 12:31:17,2020-04-16 13:07:39,IP Address,142.196.244.248,100,2181,True,2020-04-16 13:07:39,R_3Pn5YFzddO3XDFU,,,,,28.65289306640625,-81.210601806640625,anonymous,EN,Guerin,Frei,Clay,No,No,,,,,No,Yes,"Note: 
- Clay County received FEMA disaster aid for flooding which impacted numerous industries during Hurricane Irma, however the county does not label such flooding as being currently caused by climate change. 
- Vulnerability Assessment was done, called the ""2015 Clay County Mitigation Strategy."" Briefly mentioned climate in discussion of rising sea levels contributing to the flood threat in the future, however climate was not included as one of the current threats.",2019,No,"No mention of climate in the county's major 2040 Comprehensive Plan, including in the ""Conservation Element"" section. However, a 2015 Clay County Mitigation Strategy document spends two paragraphs discussing the ""future threat"" of sea level rise caused by climate change and the impact upon the flooding threat.",207291,62653,10.6,Positive,0.2,No,Positive,0.07,No,66.0,61.7,79.5,0,15,6,5581,23.25,40.08,43.15,,
2020-04-16 22:27:23,2020-04-16 23:11:32,IP Address,73.104.4.147,100,2649,True,2020-04-16 23:11:33,R_24c4UFqaysLMJjm,,,,,30.2801055908203125,-81.41649627685546875,anonymous,EN,Zachary,Zeller,Walton,No,Yes,Tourism,,"5,000,000","10,000,000",No,Yes,,2011,No,,71375,61937,14.1,Neutral (0 degrees/decade),0,No,Positive,.16,No,48.3,48.7,58.3,0,22,10,6435,49.72,75.55,30.99,Melinda Gate,Evan Anderson
2020-04-14 04:34:00,2020-04-18 06:33:38,IP Address,70.171.43.138,100,352778,True,2020-04-18 06:33:39,R_ezyuQ9k1tXkwt1v,,,,,29.613800048828125,-82.3860015869140625,anonymous,EN,Aniqa,Ahmed,Martin,No,Yes,"Tourism,Real Estate,Agriculture",,"65,000",,Yes,Yes,Interviewee said that they cannot give an estimate regarding preparedness because it is a recent venture (past two years or so). Climate impact cost was based on implementing storm backflow and keeping the canals clean.,2019,Yes,,"157,581","57,959",10.7,Positive,+0.2,Yes,Negative,-0.18,No,49.8,56.5,66,0,11,5,"14,932",17.79,27.23,33.68,"Susan Thomas, Indiantown Council Member","Kathy Fitzpatrick, Coastal Engineer"
2020-04-19 00:46:50,2020-04-19 01:56:51,IP Address,66.231.155.101,100,4200,True,2020-04-19 01:56:52,R_rjAqDI4p9yw6uDT,,,,,29.613800048828125,-82.3860015869140625,anonymous,EN,Julio,Quinones,Osceola,No,No,,,,,No,Yes,"I spoke with the commissioner of district one, the Assistant Community Development Administrator for the county, and the Director of Strategic Initiatives. None of them could point me to impacts of climate change and, as such, funds allocated to its impacts nor a plan for said impacts.",2020,No,,"367,990","50,546",13.5%,Positive,'+0.2°F/decade,Yes,Negative,'-0.13in/decade,No,14.9,18.8,13.4,0,21,0,"17,502",19.65,19.13,19.23,Susan Caswell Assistant Community Development Administrator Osceola county,Jeffrey Jones Director of Strategic Initiatives Osceola county
2020-04-21 12:48:56,2020-04-21 13:22:24,IP Address,142.196.244.248,100,2007,True,2020-04-21 13:22:25,R_3wTRWg85Ed15vtD,,,,,28.65289306640625,-81.210601806640625,anonymous,EN,Guerin,Frei,Santa Rosa,No,No,,,,,No,Yes,,2016,No,,170442,66242,9.8,Neutral (0 degrees/decade),0.0,No,Positive,0.27,No,58.2,59.2,65.3,0,15,24,6186,54.78,65.7,68.7,,
